domain,country
0404.co.il,Israel
168.hu,Hungary
19rus.ru,Russia
1jour1actu.com,France
1prime.ru,Russia
21mediavision.com,Australia
24.hu,Hungary
24hourhiphop.com,United States
2duerighe.com,Italy
338canada.com,Canada
3cat.cat,Spain
3dnews.ru,Russia
404media.co,United States
444.hu,Hungary
47news.jp,Japan
48hills.org,United States
4p.de,Germany
4players.de,Germany
53news.ru,Russia
56orb.ru,Russia
5pillarsuk.com,United Kingdom
62info.ru,Russia
730.no,Norway
7al.net,United States
7info.ru,Russia
7joursaclermont.fr,France
7kanal.co.il,Israel
888.hu,Hungary
972mag.com,Israel
9news.com.au,Australia
a24.com,Argentina
a2prl.fr,France
a9vg.com,China
aa.com.tr,Turkey
aajtak.in,India
aajtak.intoday.in,India
aamacau.com,China
aap.com.au,Australia
aasanetidende.no,Norway
abc.net.au,Australia
abc27.com,United States
abcl-clarinetistas.com.br,Brazil
abcnews.com,United States
abcnews.go.com,United States
abcnoticias.com,Mexico
abcnoticias.mx,Mexico
abcnyheter.no,Norway
abctlx.com,Mexico
abna24.com,Iran
abo.nz.de,Germany
abp.bzh,France
abpananda.newsbullet.in,India
abpganga.com,India
abplive.com,India
abpmajha.newsbullet.in,India
abpnews.abplive.in,India
abpsanjha.abplive.in,India
abruzzoweb.it,Italy
access-journal.jp,Japan
accesswire.com,United States
acegamez.com,United Kingdom
acn.cat,Spain
actiontrip.com,United States
actu-mag.fr,France
actu.fr,France
adaicon.com,United States
adeste.org,Poland
adnkronos.com,Italy
adrenaline.com.br,Brazil
advokatwatch.dk,Denmark
aef.info,France
affaritaliani.it,Italy
afntijuana.info,Mexico
afp.com,France
africannewsagency.com,South Africa
afrodopenews.com,United States
aftenposten.no,Norway
afternoondc.in,India
aftonbladet.se,Sweden
ag.ru,Russia
agenceqmi.ca,Canada
agenciabrasil.gov.br,Brazil
agenciaeconordeste.com.br,Brazil
agenciapresentes.org,Argentina
agenciasinc.es,Spain
agenda.liternet.ro,Romania
agendapublica.elpais.com,Spain
agenparl.eu,Italy
agensir.it,Italy
agerpres.ro,Romania
agi.it,Italy
agrinews.co.jp,Japan
agrinewsnetwork.in,India
aguasdigital.com,Mexico
ahotsa.info,Spain
aifua.com.ua,Ukraine
aim.org,United States
ain.ua,Ukraine
aina.org,United States
airwaysmag.com,United States
aknews.com,Iraq
aktual.com,Indonesia
aktualne.cz,Czech Republic
al-masdar.net,Israel
al-monitor.com,United States
alanews.it,Italy
alarab.com,Israel
alaskabeacon.com,United States
albanianews.it,Italy
alfahir.hu,Hungary
alfavita.gr,Greece
alhijrahnews.com,Malaysia
ali213.net,China
aljazeera.com,Qatar
allisraelnews.com,Israel
almapreta.com.br,Brazil
almeria360.com,Spain
almeriainformacion.com,Spain
alrafidain.tv,Iraq
altalex.com,Italy
alterasia.org,France
alternativ-media.com,Norway
altinget.dk,Denmark
altinget.no,Denmark
altinget.se,Sweden
altnews.in,India
am.com.mx,Mexico
amadnews.co,Iran
amarelinho.com.br,Brazil
amazoniareal.com.br,Brazil
amcity.com,United States
amensagem.pt,Portugal
americanbanker.com,United States
americancatholictribune.com,United States
americanpublicsquare.org,United States
amna.gr,Greece
amta.no,Norway
ana-mpa.gr,Greece
ana.ir,Iran
anabaptistworld.org,United States
andhrabhoomi.net,India
andina.pe,Peru
andro4all.com,Spain
androidplanet.nl,Netherlands
animalpolitico.com,Mexico
animenewsnetwork.com,Canada
aninews.in,India
ankahaber.net,Turkey
anp.nl,Netherlands
ansa.it,Italy
antaranews.com,Indonesia
antenadosnofutebol.com.br,Brazil
antenanoticias.com.mx,Mexico
ao.no,Norway
ap.org,United States
apatop.com,Egypt
apostrophe.ua,Ukraine
app.com.pk,Pakistan
appadvice.com,United States
aptnnews.ca,Canada
apublica.org,Brazil
apuntmedia.es,Spain
apurtu.org,Spain
aquicatalunha.com.br,Brazil
ar.timesofisrael.com,Israel
arab48.com,Israel
arabalears.cat,Spain
arabic.china.org.cn,China
arcananews.com,Portugal
archdaily.cl,Chile
archdaily.cn,Chile
archdaily.com,Chile
archdaily.com.br,Chile
archive.org,France
areajugones.sport.es,Spain
argolika.gr,Greece
argusnews.in,India
aristeguinoticias.com,Mexico
armyinform.com.ua,Ukraine
arstadposten.no,Norway
article-14.com,India
articulo14.es,Spain
artistnewsdaily.com,Malaysia
artline.ro,Romania
artportal.hu,Hungary
arynews.tv,Pakistan
asbs.org.au,Australia
ascii.jp,Japan
ashdodnet.com,Israel
asi.org.ru,Russia
asianetnews.com,India
asiatimes.com,China
askanews.it,Italy
asnosas.gal,Spain
associazioneadei.it,Italy
asturies.com,Spain
atas.info,Russia
athinorama.gr,Greece
atholdailynews.com,United States
atlantablackstar.com,United States
atlantico.fr,France
atlas-news.com,Spain
atlatszo.hu,Hungary
atomicgamer.com,United States
atomix.vg,Mexico
atv.pe,Peru
auniao.pb.gov.br,Brazil
ausgamers.com,Australia
austinmonitor.com,United States
australiangamer.com,Australia
automaton-media.com,Japan
av-avis.no,Norway
avash.ir,Iran
avault.com,United States
avcnoticias.com.mx,Mexico
aviaport.ru,Russia
avisa-vest.no,Norway
avisen.dk,Denmark
avito.ru,Russia
awfulannouncing.com,United States
awp.is,Belgium
axios.com,United States
azady.nl,Netherlands
azathabar.com,Czech Republic
azcentral.com,United States
azmirror.com,United States
azonnali.hu,Hungary
b4blaze.com,India
b7or.net,Iraq
bahianoticias.com.br,Brazil
bajatimes.com,Mexico
balcanicaucaso.org,Italy
ballade.no,Norway
balonmano.info,Spain
baltimorebeat.com,United States
baltnews.com,Russia
bandaancha.eu,Spain
bangka.tribunnews.com,Indonesia
banglatribune.com,Bangladesh
banten.tribunnews.com,Indonesia
barentsobserver.com,Norway
barnanews.com,France
bashinform.ru,Russia
basilica.ro,Romania
basnews.com,Iraq
basta.media,France
bayclub.io,United Kingdom
bayoubrief.com,United States
baza.io,Russia
bazicenter.com,Iran
bbc.co.uk,United Kingdom
bbc.com,United Kingdom
bbmnoticias.com,Mexico
bdwi.de,Germany
bekasi.tribunnews.com,Indonesia
bel.ru,Russia
belegger.tijd.be,Belgium
belga.be,Belgium
benarnews.org,United States
bensbites.com,United Kingdom
beol.hu,Hungary
berlin-live.de,Germany
berlinergazette.de,Germany
berlingske.dk,Denmark
bernama.com,Malaysia
bfmtv.com,France
bg-turk.com,Turkey
bgindependentmedia.org,United States
bhol.co.il,Israel
bianet.org,Turkey
big-rostov.ru,Russia
bioxconomy.com,United States
birminghamdispatch.co.uk,United Kingdom
bizbash.com,United States
bizjournals.com,United States
bjd.com.cn,China
blabbermouth.net,United States
blagovest-info.ru,Russia
blesk.cz,Czech Republic
blikopnieuws.nl,Netherlands
blitzquotidiano.it,Italy
blogcn.com,China
blogilista.fi,Finland
bloomberg.com,United States
bloomfieldinfo.org,United States
bloter.net,South Korea
blufftonicon.com,United States
bnc.tv,United States
bnnbreaking.com,China
bnonews.com,Netherlands
bnps.co.uk,United Kingdom
bok365.no,Norway
bola.com,Indonesia
bolavip.com,United States
bold.dk,Denmark
bolha.forum,Brazil
bollywoodzoom.com,India
bon.tv,China
bookmaker-ratings.ru,Russia
books.google.com,United States
boomtown.net,Denmark
booska-p.com,France
borderlessmag.org,United States
borderreport.com,United States
bornholm.nu,Denmark
borsen.dagbladet.no,Norway
boursedirect.fr,France
boxemag.ouest-france.fr,France
br.ign.com,Brazil
brandbuffet.in.th,Thailand
brashgames.co.uk,United Kingdom
brasilnippou.com,Brazil
brazilian.report,Brazil
breachmedia.ca,Canada
breakit.se,Sweden
breakthroughnews.org,United States
breaktudo.com,Brazil
bredavandaag.nl,Netherlands
breitbart.com,United States
brethren.org,United States
briarpatchmagazine.com,Canada
briega.org,Spain
brightonandhovenews.org,United Kingdom
brisbanetimes.com.au,Australia
britishpathe.com,United Kingdom
bron.fontys.nl,Netherlands
brusselsmorning.com,Belgium
brut.media,France
bruzz.be,Belgium
bruzzket.be,Belgium
bsnews.it,Italy
bssnews.net,Bangladesh
budejcka.drbna.cz,Czech Republic
buenosairesherald.com,Argentina
bukamatanews.id,Indonesia
bumntrack.co.id,Indonesia
business-gazeta.ru,Russia
businessdesk.co.nz,New Zealand
businessindia.co,India
businessinsider.com,United States
businessinsider.com.pl,United States
businessinsider.es,United States
businessinsider.nl,United States
businesstoday.in,India
butik64.ru,Russia
bygdanytt.no,Norway
bylinetimes.com,United Kingdom
bzh.life,Ukraine
cablackmedia.org,United States
cablenoticias.tv,Colombia
cachevalleydaily.com,United States
cadenaser.com,Spain
cadizdirecto.com,Spain
caijing.com.cn,China
caixin.com,China
caixinglobal.com,China
calcalistech.com,Israel
calcuttanews.tv,India
calhealthreport.org,United States
californiaglobe.com,United States
calmatters.org,United States
cambiodemichoacan.com.mx,Mexico
campinadigital.me,Spain
campogalego.gal,Spain
canadianaffairs.news,Canada
cancha.com,Mexico
caninsesi.com.tr,Turkey
caniplaythat.com,United States
capitalbrief.com,Australia
caravanmagazine.in,India
carmenhoy.com,Mexico
carolequintaine.com,France
casadelsole.tv,Italy
catalog.hathitrust.org,United States
catalogue.bm-lyon.fr,France
catalunyadiari.com,Spain
catalunyareligio.cat,Spain
catersource.com,United States
catholicnews.com,United States
catholicnewsagency.com,United States
catorze.cat,Spain
cbc.ca,Canada
cbsnews.com,United States
cctvplus.com,China
cebudailynews.inquirer.net,Philippines
centernews.com.ua,Ukraine
cgmagonline.com,United States
ch10.co.il,Israel
chalkbeat.org,United States
channeldinraat.com,India
channelnewsasia.com,Singapore
channelone.com,United States
charter97.org,Russia
chaskor.ru,Russia
checkpointgaming.net,Australia
chess.com,United States
china.com.cn,China
china.org.cn,China
chinadigitaltimes.net,United States
chinanews.com.cn,China
chinaqw.com,China
choquei.net,Brazil
christiantoday.com,United Kingdom
chronicle.com,United States
churchleaders.com,United States
cihan.com.tr,Turkey
cij.gov.ar,Argentina
cinemacafe.net,Japan
cinemaitaliano.info,Italy
cinemassacre.com,United States
cinescape.com,United States
city.ageo.lg.jp,Japan
city.ayase.kanagawa.jp,Japan
citytoday.news,India
civilbeat.org,United States
civileats.com,United States
clarin.com,Argentina
classicalmusic.gr,Greece
cleanenergywire.org,Germany
closermag.fr,France
cls.cn,China
cnbc.com,United States
cnbctv18.com,India
cnet.com,United States
cnetfrance.fr,United States
cnhubei.com,China
cnn.co.jp,Japan
cnn.com,United States
cnn.gr,Greece
cnnphilippines.com,Philippines
cobrapost.com,India
codigocero.com,Spain
cogconnected.com,Canada
colimaaldia.com,Mexico
colimanoticias.com,Mexico
colombiareports.com,Colombia
coloradonewsline.com,United States
coloradotimesrecorder.com,United States
colpisa.com,Spain
colta.ru,Russia
comicbook.com,United States
comments.ua,Ukraine
commonspace.scot,United Kingdom
compact-online.de,Germany
compactmag.com,United States
company.heraldcorp.com,South Korea
confilegal.com,Spain
connectingafrica.com,South Africa
conservativereview.com,United States
contexte.com,France
contextodedurango.com.mx,Mexico
corporateeventnews.com,United States
correio24horas.com.br,Brazil
correiodominho.pt,Portugal
correodellago.cl,Chile
counterview.net,India
courrierdeuropecentrale.fr,France
courthousenews.com,United States
cpc.people.com.cn,China
cpg.customertimes.news,United States
cphpost.dk,Denmark
creators.com,United States
credo.press,Russia
crikey.com.au,Australia
crimeapress.info,Russia
criteriohidalgo.com,Mexico
cronica.com.mx,Mexico
cronica3.com,Spain
cronicacampeche.com,Mexico
cronicaglobal.com,Spain
cronicahidalgo.com,Mexico
cronicaviva.com.pe,Peru
crosscut.com,United States
cryptotimes.io,India
csr.dk,Denmark
ct24.ceskatelevize.cz,Czech Republic
ctdsb.net,China
ctinsider.com,United States
ctk.cz,Czech Republic
ctk.eu,Czech Republic
ctrana.news,Ukraine
ctvnews.ca,Canada
cuarto-poder.com.mx,Mexico
cubed3.com,United States
cugat.cat,Spain
culturedvultures.com,United States
culturenow.gr,Greece
cuoi.tuoitre.vn,Vietnam
cup.ca,Canada
customertimes.news,United States
cvlpress.ro,Romania
cybersport.ru,Russia
daehannews.kr,South Korea
dagblad010.nl,Netherlands
dagbladene.dk,Denmark
dagbladet.no,Norway
dagens.dk,Denmark
dagensmedia.se,Sweden
dagensmedicin.dk,Denmark
dagensmedicin.se,Sweden
dagensperspektiv.no,Norway
dagonline.nl,Turkey
dagospia.com,Italy
dagsavisen.no,Norway
dailyboulder.com,United States
dailycaller.com,United States
dailycallernewsfoundation.org,United States
dailydot.com,United States
dailyhive.com,Canada
dailyhunt.com,India
dailymail.co.uk,United Kingdom
dailymemphian.com,United States
dailymontanan.com,United States
dailynewsactivist.com,India
dailyo.in,India
dailypost.ng,Nigeria
dailyreckoning.com.au,Australia
dailyreview.com.au,Australia
dailysignal.com,United States
dailystar.co.uk,United Kingdom
dailywire.com,United States
dalealbo.cl,Chile
dalidaily.com,China
dandakaranyasamachar.com,India
dansendeberen.be,Belgium
dantri.com.vn,Vietnam
daswetter.com,Germany
daulat.co,Indonesia
davar1.co.il,Israel
dcenquirer.com,United States
dcist.com,United States
dcnews.ro,Romania
dcreport.org,United States
ddanzi.com,South Korea
ddnews.gov.in,India
dds.crl.edu,United States
deadline.com,United States
debate.com.mx,Mexico
debri-dv.com,Russia
deccanera.com,India
decorrespondent.nl,Netherlands
deduktif.id,Indonesia
deepthoughtsbyjackhandey.com,United States
defenseone.com,United States
delawarelive.com,United States
delmagyar.hu,Hungary
delo.ua,Ukraine
dema.mil.kr,South Korea
democrata.es,Spain
democratherald.com,United States
dengekionline.com,Japan
denikalarm.cz,Czech Republic
denkorteavis.dk,Denmark
denoffentlige.dk,Denmark
depok.tribunnews.com,Indonesia
derwesten.de,Germany
deshbandhu.co.in,India
destructoid.com,United States
detector.media,Ukraine
deutschlandkurier.de,Germany
dexerto.com,United Kingdom
dha.com.tr,Turkey
diarieducacio.cat,Spain
diario-critica.mx,Mexico
diario16.com,Spain
diarioarmenia.org.ar,Argentina
diariocambio.com.mx,Mexico
diariodeantequera.com,Mexico
diariodechiapas.com,Mexico
diariodecolima.com,Mexico
diariodecomitan.com.mx,Mexico
diariodelsur.com.mx,Mexico
diariodemorelos.com,Mexico
diariodepalenque.com.mx,Mexico
diariodequeretaro.com.mx,Mexico
diariodexalapa.com.mx,Mexico
diariodotamega.es,Spain
diarioelindependiente.mx,Mexico
diarioimagenqroo.mx,Mexico
diariolavozdelsureste.com,Mexico
diariomarca.com.mx,Mexico
diarioperfil.pe,Peru
diariorespuestayucatan.blogspot.com,Mexico
diariosiriolibanes.com.ar,Argentina
diariovialibre.com.mx,Mexico
diclehaber.xyz,Turkey
didbaniran.ir,Iran
digboston.com,United States
digg.com,United States
digi.kansalliskirjasto.fi,Finland
digi.no,Norway
digitalchumps.com,United States
digitalcollections.crl.edu,United States
digitallydownloaded.net,United States
digitalspy.com,United Kingdom
diken.com.tr,Turkey
dimsumdaily.hk,China
dinsights.katadata.co.id,Indonesia
dioivo.eu,Spain
diplomatique.org.br,Brazil
diredonna.it,Italy
disclose.tv,Germany
disquecool.com,Spain
divyahimachal.com,India
dl.acm.org,United States
dnainfo.com,United States
document.news,Norway
document.no,Norway
docungsaigon.vn,Vietnam
dof.gob.mx,Mexico
domainrakyat.com,Indonesia
dopentnews.com,United States
dosmanzanas.com,Spain
dossierpolitico.com,Mexico
doubledown.news,United Kingdom
dowjones.com,United States
dpa-afx.de,Germany
dpa.com,Germany
dpa.de,Germany
dpadmagazine.com,United States
dqr.com.mx,Mexico
dr.dk,Denmark
dropsitenews.com,United States
drudgereport.com,United States
dsogaming.com,Greece
dtf.ru,Russia
dts-nachrichtenagentur.de,Germany
dubisthalle.de,Germany
duic.nl,Netherlands
durangoaldia.com,Mexico
dvtv.cz,Czech Republic
dw.com,Bangladesh
dzen.ru,Russia
dziennik.pl,Poland
e-noticies.cat,Spain
e.vnexpress.net,Vietnam
eadaily.com,Russia
eanews.ru,Russia
eastday.com,China
ebnewsdaily.co.za,South Africa
echo24.de,Germany
echofm.online,Germany
eco-business.com,Singapore
ecodiari.cat,Spain
economista.com.mx,Mexico
economx.hu,Hungary
econostrum.info,France
ecowatch.com,United States
edition.cnn.com,United States
efe.com,Spain
egmnow.com,United States
einerd.com,Brazil
ejecentral.com.mx,Mexico
eklecty-city.fr,France
ekorinthos.gr,Greece
ekstrabladet.dk,Denmark
ektenyheter.no,Norway
el-boletin.com,Spain
el-mexicano.com.mx,Mexico
elbaker.cl,Chile
elcomentario.ucol.mx,Mexico
elcomercio.pe,Peru
elculture.gr,Greece
eldebate.com,Spain
eldebatedehoy.es,Spain
eldesconcierto.cl,Chile
eldiario.es,Spain
eldiarioar.com,Argentina
eldiariocantabria.es,Spain
eldiariodechihuahua.mx,Mexico
eldiariodecoahuila.com.mx,Mexico
eldiariodelatarde1.blogspot.com,Mexico
eldiariodevictoria.com,Mexico
eleconomista.com.mx,Mexico
electronicintifada.net,United States
elecuanime.com,Mexico
elespanol.com,Spain
elfarodelacostachica.com.mx,Mexico
elfinanciero.com.mx,Mexico
elgrafico.mx,Mexico
elheraldodechiapas.com.mx,Mexico
elheraldodechihuahua.com.mx,Mexico
elheraldodesaltillo.mx,Mexico
elhorizonte.mx,Mexico
elimparcial.com,Mexico
elimparcialdenayarit.com,Mexico
elindependientedehidalgo.com.mx,Mexico
elitedaily.com,United States
elkharttruth.com,United States
elmanana.com.mx,Mexico
elmananadevalles.com.mx,Mexico
elmercurio.com.mx,Mexico
elmira.es,Spain
elmostrador.cl,Chile
elmundotoday.com,Spain
elnacional.cat,Spain
elnews.id,Indonesia
elnorte.com,Mexico
elnoticieroenlinea.com,Mexico
eloccidental.com.mx,Mexico
elorbe.com,Mexico
elperiodicodetlaxcala.com,Mexico
elpopular.mx,Mexico
elporvenir.mx,Mexico
elpueblo.com,Mexico
elregio.com,Mexico
elregionaldesonora.com.mx,Mexico
elsiglodedurango.com.mx,Mexico
elsiglodetorreon.com.mx,Mexico
elsoldeacapulco.com.mx,Mexico
elsoldechiapas.com,Mexico
elsoldecuernavaca.com.mx,Mexico
elsoldedurango.com.mx,Mexico
elsoldehidalgo.com.mx,Mexico
elsoldeirapuato.com.mx,Mexico
elsoldelacosta.com.mx,Mexico
elsoldelbajio.com.mx,Mexico
elsoldelcentro.com.mx,Mexico
elsoldeleon.com.mx,Mexico
elsoldemazatlan.com.mx,Mexico
elsoldenayarit.mx,Mexico
elsoldepuebla.com.mx,Mexico
elsoldesalamanca.com.mx,Mexico
elsoldesanjuandelrio.com.mx,Mexico
elsoldesinaloa.com.mx,Mexico
elsoldetijuana.com.mx,Mexico
elsoldetlaxcala.com.mx,Mexico
elsoldetoluca.com.mx,Mexico
elsoldetulancingo.com.mx,Mexico
elsoldezacatecas.com.mx,Mexico
elsoldezamora.com.mx,Mexico
elsudcaliforniano.com.mx,Mexico
elsur.com.mx,Mexico
eltarapaca.wordpress.com,Chile
eltribunodejujuy.com,Argentina
eltuxtepecano.com,Mexico
elucid.media,France
eluniversal.com.mx,Mexico
elvigia.net,Mexico
elvocerous.com,United States
emitennews.com,Indonesia
emol.com,Chile
emsavalles.com,Mexico
en.aswataliraq.info,Iraq
en.farsnews.com,Iran
en.interfax.com.ua,Ukraine
en.irna.ir,Iran
en.isna.ir,Iran
en.salamatnews.com,Iran
en.tansajp.org,Japan
en.vietnamplus.vn,Vietnam
endpoints.news,United States
energynews.us,United States
enewsinsight.com,India
enewsroom.in,India
enfoquenayarit.com,Mexico
eng.kavkaz-uzel.eu,Russia
english.dotdotnews.com,China
english.jagran.com,India
english.nv.ua,Ukraine
enlineadirecta.info,Mexico
enpresabidea.eus,Spain
ens-newswire.com,United States
ensonhaber.com,Turkey
entarabi.com,Saudi Arabia
entekhab.ir,Iran
entreemagazine.nl,Netherlands
eonline.com,United States
epa.eu,Germany
epaper.hubeidaily.net,China
epaper.jxnews.com.cn,China
epaper.sanjeevnitoday.com,India
epbr.com.br,Brazil
epd.de,Germany
epiteszforum.hu,Hungary
ermelosweekblad.nl,Netherlands
es.ign.com,Spain
es.millenium.gg,Spain
espanadiario.es,Spain
esperanto.china.org.cn,China
esto.com.mx,Mexico
etoychest.org,United States
euobserver.com,Belgium
euractiv.com,Belgium
eurasianet.org,United States
eurasiareview.com,United States
eurekalert.org,United States
euro-football.ru,Russia
euro.cz,Czech Republic
eurogamer.de,Germany
eurogamer.net,United Kingdom
eurogamer.pl,Poland
euromag.ru,Russia
europapress.es,Spain
europeancorrespondent.com,Belgium
europeanspaceflight.com,United Kingdom
euroradio.fm,Poland
everydayhealth.com,United States
eviathema.eu,Greece
eviathema.gr,Greece
eviathema.info,Greece
eviathema.news,Greece
eviathema.online,Greece
eviathema.world,Greece
eviathema.ελ,Greece
excelsior.com.mx,Mexico
expresochiapas.com,Mexico
express.co.uk,United Kingdom
extremegamer.ca,Canada
eyenews.tv,Pakistan
f1wm.pl,Poland
f4wonline.com,United States
fa.timesofisrael.com,Israel
factfocus.com,Pakistan
fairobserver.com,United States
faitsetdocuments.com,France
fakta.com,Indonesia
fakty.ua,Ukraine
fararu.com,Iran
farsnews.ir,Iran
fatherly.com,United States
fattail.com.au,Australia
faxenyt.dk,Denmark
feddit.cl,Chile
feedly.com,United States
fehmarnbusiness.com,Denmark
fehmarnbusiness.de,Denmark
femernbusiness.com,Denmark
femina.hu,Hungary
fergana.ru,Russia
fidelio.hu,Hungary
fier-panda.fr,France
fiercepharma.com,United States
filmdaily.co,United States
filternyheter.no,Norway
fin24.com,South Africa
finance.ua,Ukraine
finans.dk,Denmark
finansavisen.no,Norway
finanswatch.dk,Denmark
finanswatch.no,Norway
firingsquad.com,United States
firstlook.media,United States
firstpost.com,India
flanderninfo.be,Belgium
flandersnews.be,Belgium
flandreinfo.be,Belgium
flauntweekly.com,India
flintside.com,United States
floridaphoenix.com,United States
floridapolitics.com,United States
flushmag.fr,France
fnintendo.net,Portugal
fodevarewatch.dk,Denmark
folha.uol.com.br,Brazil
folhapress.com.br,Brazil
folhavitoria.com.br,Brazil
foljeton.dk,Denmark
folkculture.in,India
fomos.kr,South Korea
fontanka.ru,Russia
foodservicedirector.com,United States
football.london,United Kingdom
forbes.com,United States
forbes.cz,United States
forbes.fr,France
forskning.no,Norway
fotbolldirekt.se,Sweden
fox19.com,United States
foxnews.com,United States
fr.animenewsnetwork.com,Canada
fr.de,Germany
fr.timesofisrael.com,Israel
francais.rt.com,France
france3-regions.franceinfo.fr,France
francebleu.fr,France
franceinfo.fr,France
francesoir.fr,France
frandroid.com,France
french.china.org.cn,China
frenchmorning.com,United States
fridae.asia,China
frihedsbrevet.dk,Denmark
frissmeleg.hu,Hungary
frontline.thehindu.com,India
frontliner.com.ua,Ukraine
frontofficesports.com,United States
frontrowsoccer.com,United States
frontwires.com,United Kingdom
ftm.nl,Netherlands
fuengirola.fi,Spain
fuentesinformadas.com,Spain
full-count.jp,Japan
futuremedway.co.uk,United Kingdom
futurezone.de,Germany
futurity.org,United States
fznews.com.cn,China
g1.globo.com,Brazil
g4media.ro,Romania
g7.hu,Hungary
galiciaconfidencial.gal,Spain
game-boyz.co.uk,Canada
game-boyz.com,Canada
game-over.com,United States
game-over.net,United States
game.donga.com,South Korea
gamebiz.com.au,Australia
gameblog.fr,France
gamebrink.com,United States
gamecrate.com,United States
gamedaily.biz,United States
gamedaily.com,United States
gamedeveloper.com,United Kingdom
gamefaqs.gamespot.com,United States
gamefocus.ca,Canada
gameinformer.com,United States
gamekombo.com,Ukraine
gamekult.com,France
gamemag.ru,Russia
gamemeca.com,South Korea
gameover.gr,Greece
gamepen.ugo.com,United States
gamepro.de,Germany
gamequarter.be,Netherlands
gamer.no,Norway
gamer20.com,United States
gamerbraves.com,Malaysia
gamercafe.cl,Chile
gamereactor.dk,Denmark
gamereactor.se,Sweden
gamerescape.com,United States
gamernode.com,United States
gamersglobal.de,Germany
gamervision.com,United States
gamesaktuell.de,Germany
gameskinny.com,United States
gamespace.com,United States
gamespew.com,United Kingdom
gamespot.com,United States
gamespy.com,United States
gamesradar.com,United Kingdom
gamestar.de,Germany
gamestyle.com,United Kingdom
gameswelt.at,Germany
gameswelt.ch,Germany
gameswelt.de,Germany
gamevicio.com.br,Brazil
gamingexcellence.com,Canada
gamingmaxx.com,United States
gamingtalker.it,Italy
gamingtarget.com,United States
gamma-rapho-expos.com,France
gardigaming.com,United States
gatchina-news.ru,Russia
gateway.proquest.com,United States
gaystarnews.com,United Kingdom
gazeta.ru,Russia
gazeta.ua,Ukraine
gazetamercantil.com,Brazil
gazetaph.ro,Romania
gazetebanka.com,Turkey
gazetefutbol.de,Germany
gazeteyenigun.com.tr,Turkey
gazettereview.com,United States
gcores.com,China
gematsu.com,United States
geminigrafica.it,Italy
genderindetail.org.ua,Ukraine
generation-nintendo.com,France
geopoliticalfutures.com,United States
georgetownvoice.com,United States
georgiarecorder.com,United States
german.china.org.cn,China
ggrecon.com,United Kingdom
gi-kursk.ru,Russia
giantbomb.com,United States
gildot.org,Portugal
giornalia.com,Italy
github.com,United States
glasgowbell.co.uk,United Kingdom
glavcom.ua,Ukraine
glavred.info,Ukraine
glavred.net,Ukraine
globalnewsagency.kr,South Korea
globeprwire.org,United States
globes.co.il,Israel
globo.com,Brazil
gmw.cn,China
gnnhd.tv,Pakistan
gnttv.com,India
god.tv,United States
god55sports.com,Malaysia
godisageek.com,United Kingdom
golema.net,France
goodnewsfromindonesia.id,Indonesia
goodyfeed.com,Singapore
google.com,United States
gordonua.com,Ukraine
gorod55.ru,Russia
gorodbryansk.info,Russia
gravidanzaonline.it,Italy
greenbean.media,United Kingdom
grenda.no,Norway
grist.org,United States
ground.news,Canada
groza.media,Russia
grozny-inform.ru,Russia
guampdn.com,United States
guerrero.quadratin.com.mx,Mexico
gujarati.abplive.com,India
gunebakis.com.tr,Turkey
gwinnettforum.com,United States
gz.diarioliberdade.org,Spain
h21.hani.co.kr,South Korea
hab.mk.ru,Russia
haber.com,Turkey
haber365.com.tr,Turkey
haberjet.com,Turkey
haberturk.com,Turkey
habex.ru,Russia
haiastan.org,France
hakolhayehudi.co.il,Israel
halifax.mediacoop.ca,Canada
halifaxexaminer.ca,Canada
haluansumatera.com,Indonesia
handelsblatt.com,Germany
hangzhou.com.cn,China
hanteonews.com,South Korea
happypuppy.com,United States
harakahdaily.net,Malaysia
harderwijksezaken.nl,Netherlands
hbcusports.com,United States
hbtimes.in,India
hburgcitizen.com,United States
healthday.com,United States
heaptalk.com,Indonesia
hechingerreport.org,United States
hegnar.no,Norway
hellgatenyc.com,United States
helsinginuutiset.fi,Finland
helsinkitimes.fi,Finland
hemali.no,Norway
heraldo.mx,Mexico
heraldodepuebla.com,Mexico
heraldsun.com.au,Australia
heypoorplayer.com,United States
hidrocalidodigital.com,Mexico
hilltimes.com,Canada
hindi.caravanmagazine.in,India
hindi.moneycontrol.com,India
hindi.newslaundry.com,India
hirado.hu,Hungary
hirszerzo.hu,Hungary
hk01.com,China
hkcna.hk,China
hm-news.co.il,Israel
hna.de,Germany
hobbyconsolas.com,Spain
hockeysverige.se,Sweden
hodotokushu.net,Japan
holopis.com,Indonesia
home.arcor.de,Germany
hometownlife.com,United States
hommema.nl,Netherlands
hongkongfp.com,China
horizonweekly.ca,Canada
hornews.com,Russia
houseofwrestling.com.br,Brazil
housingwire.com,United States
houtensnieuws.nl,Netherlands
hoyaragon.es,Spain
hradeckralove.org,Czech Republic
ht.no,Norway
hubeidaily.net,China
huffingtonpost.es,Spain
huffingtonpost.fr,France
huffingtonpost.gr,Greece
huffingtonpost.it,Italy
huffingtonpost.jp,Japan
hufforbes.com,United States
huffpost.com,United States
humanevents.com,United States
huppa.hu,Hungary
hwsw.hu,Hungary
hymn.se,Sweden
i-d.vice.com,United Kingdom
i24news.tv,Israel
ians.in,India
icana.ir,Iran
icerocket.com,United States
ici.fr,France
ici.radio-canada.ca,Canada
icij.org,Brazil
iclnoticias.com.br,Brazil
icpcw.com,China
idahocapitalsun.com,United States
idelreal.org,Russia
identosphere.net,United States
idexxcurrents.com,United States
idl-reporteros.pe,Peru
idnes.cz,Czech Republic
iefimerida.gr,Greece
iffnews.com,United States
igdb.com,Sweden
igen.fr,France
ign.com,United States
iha.com.tr,Turkey
ihlashaberajansi.com.tr,Turkey
ihned.cz,Czech Republic
ijr.org,United States
ikobengkulu.com,Indonesia
ilbolive.unipd.it,Italy
ilcontroverso.it,Italy
ilcrotonese.it,Italy
illgaming.net,India
ilmeteo.net,Italy
ilna.ir,Iran
ilpescara.it,Italy
ilprimatonazionale.it,Italy
ilsole24ore.com,Italy
images.cdn.overdrive.com,United States
imi.org.ua,Ukraine
imtl.org,Canada
in.news.yahoo.com,India
ina.iq,Iraq
inc42.com,India
independent.co.uk,United Kingdom
indianacapitalchronicle.com,United States
indianews.in,India
indianewsharyana.com,India
indianewsjournal.com,India
indianvideogamer.com,India
indiatimes.com,India
indiatv.in,India
indiatvnews.com,India
indiegamewebsite.com,United Kingdom
influencermagazine.uk,United Kingdom
info24.ru,Russia
infobae.com,Argentina
infomoney.com.br,Brazil
infonet.com.br,Brazil
informador.com.mx,Mexico
informador.mx,Mexico
informpskov.ru,Russia
inforos.ru,Russia
infostart.hu,Hungary
infoweb.newsbank.com,United States
inkazan.ru,Russia
inmagasinet.no,Norway
inmediahk.net,China
inn.co.il,Israel
innebandymagazinet.se,Sweden
innovanews.ru,Russia
inosmi.ru,Russia
inputmag.dk,Denmark
inputmag.se,Denmark
inquirer.net,Philippines
inshortbd.com,Bangladesh
insidegamer.nl,Netherlands
insideradio.com,United States
insidernj.com,United States
insiderpaper.com,United States
insidesources.com,United States
insidethestar.com,United States
interfax.com,Russia
interfax.ru,Russia
interferencia.cl,Chile
intermedia.ru,Russia
internetto.hu,Hungary
intertat.tatar,Russia
intoday.in,India
investigaction.net,Belgium
investigativepost.org,United States
investisseur.lecho.be,Belgium
investors.com,United States
investortrust.id,Indonesia
inyheter.no,Norway
iowacapitaldispatch.com,United States
ips.org,Italy
ipsnews.net,Italy
iranahayer.com,Iran
irdiplomacy.ir,Iran
iribnews.ir,Iran
irishstar.com,United Kingdom
irna.ir,Iran
irozhlas.cz,Czech Republic
irr.by,Russia
irr.ru,Russia
irunfar.com,United States
is.fi,Finland
iskconnews.org,United States
isna.ir,Iran
israelinfo.co.il,Israel
israelnationalnews.com,Israel
israeltoday.co.il,Israel
issuu.com,Mexico
istemersin.com,Turkey
istories.media,Russia
istpravda.com.ua,Ukraine
it.ign.com,Italy
itavisen.no,Norway
ithacavoice.com,United States
itmedia.co.jp,Japan
itnews.com.au,Australia
itnijs.frl,Netherlands
itongadol.com.ar,Argentina
itpro.no,Norway
ixbt.games,Russia
iz.ru,Russia
jagonews24.com,Bangladesh
jakarta.tribunnews.com,Indonesia
janamtv.com,India
jantakareporter.com,India
jantatv.com,India
jantatvlive.com,India
jantv.in,India
janwani.in,India
japanese.china.org.cn,China
jctv.co.jp,United States
jeuxvideo.fr,France
jewishnews.com.ua,Ukraine
jfdaily.com,China
jfeed.com,Israel
jiji.co.jp,Japan
jinhaagency.com,Sweden
jinrieluosi.cn,Russia
jm-madeira.pt,Portugal
jns.org,United States
jomo-news.co.jp,Japan
jornada.unam.mx,Mexico
jornadabc.mx,Mexico
jornalgrandebahia.com.br,Brazil
journaldunet.com,France
journalisten.no,Norway
jp.ign.com,Japan
jpost.com,Israel
jta.org,United States
juanfutbol.com,Mexico
juareznoticias.com,Mexico
juniornyt.dk,Denmark
justnewsbd.com,Bangladesh
justthenews.com,United States
justwomenssports.com,United States
jwview.com,China
ka-news.de,Germany
kabarbursa.com,Indonesia
kabarkala.com,Indonesia
kai-you.net,Japan
kampanje.com,Norway
kan.org.il,Israel
kanaknews.com,India
kannews.org,Israel
kanobu.ru,Russia
kanoner.com,Russia
kansascitydefender.com,United States
kansasreflector.com,United States
karadenizbayrak.com,Turkey
karelinform.ru,Russia
karmadio.ir,Iran
karmel.co.il,Israel
katakaltim.com,Indonesia
kavkaz-uzel.media,Russia
kbindependent.org,United States
kemifilani.ng,Nigeria
kendarinews.com,Indonesia
kentonline.co.uk,United Kingdom
kepripedia.com,Indonesia
khabarbharti.in,India
khabaronline.ir,Iran
khabarovsk.md,Russia
khabarsatta.com,India
kilat.com,Indonesia
kilgorenewsherald.com,United States
kingfeatures.com,United States
kino.mail.ru,Russia
kiosk.social,Denmark
klikk.no,Norway
knewz.com,United States
kob.com,United States
kocaelikoz.com,Turkey
kode24.no,Norway
kollybuzz.com,India
komitid.fr,France
kompas.tv,Indonesia
konkurent.ua,Ukraine
koordinatoren.no,Norway
koranperbatasan.com,Indonesia
koransatu.id,Indonesia
korean.china.org.cn,China
korrespondent.net,Ukraine
kotaku.co.uk,United Kingdom
kotaku.com,United States
kotaku.com.au,Australia
kotimaa.fi,Finland
koutipandoras.gr,Greece
kp.ru,Russia
kr-asia.com,Singapore
kr.aving.net,South Korea
kreiszeitung.de,Germany
kristenmedia.no,Norway
kubanpress.ru,Russia
kul-alarab.com,Israel
kulturmonitor.dk,Denmark
kumparan.com,Indonesia
kurdpa.net,Iran
kursdela.biz,Russia
kyivindependent.com,Ukraine
kyivpost.com,Ukraine
kyodonews.jp,Japan
l1.nl,Netherlands
la-prensa.com.mx,Mexico
la-verdad.com.mx,Mexico
la.curations.cc,United States
labortoday.co.kr,South Korea
labourstart.org,United Kingdom
ladobe.com.mx,Mexico
lagaceta.es,Spain
lailluminator.com,United States
laisureste.com,Mexico
laizquierdadiario.com,Argentina
lajicarita.org,United States
lajornadaguerrero.com.mx,Mexico
lamula.pe,Peru
lanacion.com.co,Colombia
langrenn.com,Norway
lanueva.com,Argentina
laopinion.com.mx,Mexico
laopinionpuebla.com,Mexico
lapaginamillonaria.com,Argentina
lapresse.it,Italy
laps4.com,Spain
laregionenlinea.com.mx,Mexico
lasillavacia.com,Colombia
latina-press.com,Brazil
latinus.us,United States
launion.com.mx,Mexico
laverdadnoticias.com,Mexico
lavocedinewyork.com,United States
lavozdelafrontera.com.mx,Mexico
lavozdelanzarote.com,Spain
lavozdemaipu.cl,Chile
lavozdgo.com,Mexico
law360.com,United Kingdom
lawandcrime.com,United States
lbi.ua,Ukraine
lecho.be,Belgium
legia.net,Poland
legnanonews.com,Italy
lemonde.fr,France
lenreactiv.ru,Russia
lensakalteng.com,Indonesia
lenta.ru,Russia
lentoposti.fi,Finland
lep.co.uk,United Kingdom
lepoint.fr,France
lesbianandgaynews.com,United Kingdom
lettreducheminot.fr,France
levelup.com,Mexico
lgbtqnation.com,United States
liberal.com.mx,Mexico
liberaleren.net,Norway
liberaleren.no,Norway
libertaddigital.com,Spain
libertas.com.mx,Mexico
library.internationalculticstudies.org,United States
lidovky.cz,Czech Republic
liernett.no,Norway
lifesitenews.com,Canada
lifo.gr,Greece
like-news.info,Ukraine
lincolnshirelive.co.uk,United Kingdom
lindipendente.online,Italy
linforme.com,France
linkiesta.it,Italy
liternet.ro,Romania
litrossanat.com,Turkey
live24.ru,Russia
livpost.co.uk,United Kingdom
lja.mx,Mexico
ljz.mx,Mexico
lnews.jp,Japan
lnmas.lanacion.com.ar,Argentina
loadedinc.com,United Kingdom
localeyes.dk,Denmark
localnewsinitiative.northwestern.edu,United States
localsamosa.com,India
lokal.hu,Hungary
loksujag.com,United Kingdom
loneconservative.com,United States
looopings.nl,Netherlands
loopsider.com,France
love-wrexham.com,United Kingdom
lt10.com.ar,Argentina
lt9.com.ar,Argentina
lucesdelsiglo.com,Mexico
luftfahrtmagazin.de,Germany
lusa.pt,Portugal
lviv.media,Ukraine
lyngdalsavis.no,Norway
lyon.fr,France
lyonpeople.com,France
m.dailyhunt.in,India
m.legia.net,Poland
m24.no,Norway
m3.se,Sweden
maariv.co.il,Israel
mac4ever.com,France
macg.co,France
madamasr.com,Egypt
maddyness.com,France
madeinperpignan.com,France
madison365.com,United States
madridiario.es,Spain
magdalene.co,Indonesia
magyarkurir.hu,Hungary
mainebeacon.com,United States
mainichi.jp,Japan
mairie-chartrettes.fr,France
majzooban.org,Iran
mako.co.il,Israel
makronom.de,Germany
malaysiaindru.my,Malaysia
malaysiakini.com,Malaysia
malaysianow.com,Malaysia
malviknytt.no,Norway
manchestermill.co.uk,United Kingdom
mandiner.hu,Hungary
mania.com,United States
manifesto-21.com,France
manualdousuario.net,Brazil
manufacturing.customertimes.news,United States
marmarismanset.com,Turkey
marsactu.fr,France
marylandmatters.org,United States
maszol.ro,Romania
matogrossototal.com,Brazil
mcclatchydc.com,United States
mdgazet.ru,Russia
meaww.com,India
mecreantes.com,France
medcom.id,Indonesia
medemblikpraat.nl,Netherlands
media.vegte.org,Netherlands
mediacites.fr,France
mediaeveryday.com,United States
mediafax.ro,Romania
mediafilm.ca,Canada
mediaguru.cz,Czech Republic
mediapart.fr,France
mediapartrvj4bsgolbxixw57ru7fh4jqckparke4vs365guu6ho64yd.onion,France
mediawatch.kr,South Korea
mediazona.by,Russia
mediazona.ca,Russia
mediearkivet.se,Sweden
mediemakt.no,Norway
mediuutiset.fi,Finland
medyabar.com,Turkey
meegames.com,United States
mehrnews.com,Iran
melhusposten.no,Norway
memurhaber365.com,Turkey
mena.org.eg,Egypt
merce.hu,Hungary
merkur.de,Germany
merlininkazani.com,Turkey
meta.wikimedia.org,United States
metaratings.ru,Russia
meteored.cl,Chile
meteored.com.ar,Argentina
meteored.mx,Mexico
metroindonesia.co.id,Indonesia
metropoles.com,Brazil
meups.com.br,Brazil
mexicodesconocido.com.mx,Mexico
mexiconewsdaily.com,Mexico
mezopotamyaajansi.net,Turkey
mgronline.com,Thailand
michiganadvance.com,United States
milanotoday.it,Italy
milenio.com,Mexico
militarnyi.com,Ukraine
military.com,United States
militarytimes.com,United States
millenium.org,France
minfin.com.ua,Ukraine
minnesotareformer.com,United States
mirf.ru,Russia
mirrornow.in,India
missionlocal.org,United States
missouribusinessalert.com,United States
missouriindependent.com,United States
mixanitouxronou.gr,Greece
mizanonline.ir,Iran
mkset.ru,Russia
mlive.com,United States
mobilenumerology.com,India
modkraft.dk,Denmark
modojo.com,United States
moguravr.com,Japan
moin.de,Germany
mondoxbox.com,Italy
money.it,Italy
moneycontrol.com,India
moneymorning.com.au,Australia
monitoreconomico.org,Mexico
montanafreepress.org,United States
montereycountynow.com,United States
monthly.chosun.com,South Korea
moscowtimes.ru,Russia
mosregtoday.ru,Russia
mothership.sg,Singapore
motorsactu.com,France
moviesgamesandtech.com,United States
moviezine.se,Sweden
moya-planeta.ru,Russia
mprnews.org,United States
ms.now,United States
mskagency.ru,Russia
msn.com,Denmark
mstar.com.my,Malaysia
mti.hu,Hungary
mtsprout.nl,Netherlands
mtviggy.com,United States
mujeresenred.net,Spain
muksun.fm,Russia
munoulu.fi,Finland
mx.reuters.com,Mexico
mygamer.com,United States
mynews13.com,United States
mynewsjapan.com,Japan
n-europe.com,United Kingdom
naciodigital.cat,Spain
naigaitimes.com,Japan
naijasummary.com,Nigeria
nakednews.com,Canada
nakita.grid.id,Indonesia
nannewsngr.com,Nigeria
napolitoday.it,Italy
nashgorod.ru,Russia
nasim.news,Iran
nasimonline.ir,Iran
nation.cymru,United Kingdom
nationaalarchief.nl,Netherlands
nationaldastak.com,India
nationalvoice.co.in,India
nationen.no,Norway
nationthailand.com,Thailand
nativenewsonline.net,United States
naukatv.ru,Russia
navarraconfidencial.com,Spain
nbcnews.com,United States
nbtindia.gov.in,India
ncnewsline.com,United States
ndhadeliver.natlib.govt.nz,New Zealand
ndr.de,Germany
ndtv.com,India
ndtv.in,India
ndtvprofit.com,India
neakriti.gr,Greece
nebraskaexaminer.com,United States
nelsonbotanicalsociety.org,New Zealand
nenow.in,India
nepszava.hu,Hungary
netjak.com,United States
nettavisen.no,Norway
netzpolitik.org,Germany
neu.muenzenwoche.de,Germany
neuralgamer.com,Australia
nevadacurrent.com,United States
nevnov.ru,Russia
new.coinsweekly.com,Germany
newageweekly.in,India
newhampshirebulletin.com,United States
newizv.ru,Russia
newjerseyglobe.com,United States
newjerseymonitor.com,United States
newmatilda.com,Australia
news-front.su,Russia
news-postseven.com,Japan
news.ch7.com,Thailand
news.cn,China
news.com.au,Australia
news.de,Germany
news.google.com,Mexico
news.mingjingnews.com,United States
news.mit.edu,United States
news.mynavi.jp,Japan
news.nau.edu,United States
news.newenergytimes.net,United States
news.nicovideo.jp,Japan
news.ntv.co.jp,Japan
news.ro,Romania
news.ru,Russia
news.syr.edu,United States
news.telegraf.com.ua,Ukraine
news.yahoo.co.jp,Japan
news1.kr,South Korea
news18.com,India
news24.com,South Africa
news247.gr,Greece
news24online.com,India
news2share.com,United States
news38.de,Germany
news9.com,United States
newsbeast.gr,Greece
newsdig.tbs.co.jp,Japan
newser.com,United States
newsfeed.com.ng,Nigeria
newshub.co.nz,New Zealand
newsis.com,South Korea
newslaundry.com,India
newsmuz.com,Russia
newsnation.in,India
newsnationnow.com,United States
newsnn.ru,Russia
newsone.com,United States
newspress.fr,France
newsroom.co.nz,New Zealand
newsru.co.il,Israel
newsru.com,Russia
newstracker.ru,Russia
newsweek.com,United States
newsweek.ro,Romania
newswire.net,United States
newswirengr.com,Nigeria
newsworthy.se,Sweden
newsx.com,India
newview.ar,Argentina
newyorker.com,United States
nexojornal.com.br,Brazil
nexos.com.mx,Mexico
next.ink,France
nextavenue.org,United States
nhk.or.jp,Japan
niagaraindependent.ca,Canada
niasam.ru,Russia
nidaros.no,Norway
nieuwnieuws.nl,Netherlands
nikkei.com,Japan
nim.ru,Russia
ninanews.com,Iraq
nintendolife.com,United Kingdom
nippon.com,Japan
nius.de,Germany
nj.com,United States
nl.ign.com,Netherlands
nla.gov.au,Australia
nlgaming.com,United States
nmiagaming.com,Malaysia
nn.de,Germany
nn.ru,Russia
nnc.mx,Mexico
nni-news.com.pk,Pakistan
noamag.com,Italy
nodal.am,Argentina
noisey.vice.com,United States
nonukes.nl,Netherlands
nordbayern.de,Germany
nordhordland.no,Norway
nortedigital.mx,Mexico
north99.org,Canada
northeasttoday.in,India
norwaypost.no,Norway
nos.nl,Netherlands
nosmulheresdaperiferia.com.br,Brazil
noticias.imparcialchiapas.com,Mexico
noticiasargentinas.com,Argentina
noticiasdechiapas.com.mx,Mexico
noticiasmanzanillo.com,Mexico
noticiastrabajo.huffingtonpost.es,Spain
notimex.gob.mx,Mexico
notipress.mx,Mexico
notizieoggi24.it,Italy
nournews.ir,Iran
novayagazeta.ru,Russia
novedadesaca.mx,Mexico
novedadescampeche.com.mx,Mexico
novinky.cz,Czech Republic
novosti-saratova.ru,Russia
novostivolgograda.ru,Russia
novynarnia.com,Ukraine
now.tufts.edu,United States
nowgamer.com,United Kingdom
nowthisnews.com,United States
noz.de,Germany
npn.co.jp,Japan
nrg.co.il,Israel
nrn.com,United States
nsn.fm,Russia
nso.hu,Hungary
nta-nn.ru,Russia
ntk.net,United Kingdom
ntn24.com,Colombia
ntrguadalajara.com,Mexico
ntrzacatecas.com,Mexico
ntv.ca,Canada
ntvnews.id,Indonesia
nu.nl,Netherlands
nub.news,United Kingdom
numerama.com,France
nunatsiaq.com,Canada
nv.ua,Ukraine
nvinoticias.com,Mexico
nwcitizen.com,United States
nwsnwsnws.be,Belgium
nyheder.tv2.dk,Denmark
nyheder24.dk,Denmark
nysun.com,United States
nytimes.com,United States
nzgamer.com,United States
nzpa.co.nz,New Zealand
nzpcn.org.nz,New Zealand
oann.com,United States
oantagonista.com,Brazil
oavis.no,Norway
oaxacatimes.com,Mexico
oberpfalzecho.de,Germany
objectivejournalism.org,United States
obozrevatel.com,Ukraine
observador.pt,Portugal
occupydemocrats.com,United States
odatv.com,Turkey
odds.ru,Russia
odishabytes.com,India
oeeee.com,China
ohiocapitaljournal.com,United States
oilcapital.ru,Russia
oiusho.it,Italy
okn.co.il,Israel
olam-katan.co.il,Israel
olfi.dk,Denmark
olyrix.com,France
om-saratov.ru,Russia
omadaalithias.gr,Greece
ominho.pt,Portugal
one31.net,Thailand
oneidaindiannation.com,United States
oneindia.com,India
oneman.gr,Greece
oneworld.press,Russia
ongamers.com,United States
onlinevologda.ru,Russia
onswestfriesland.nl,Netherlands
op-podolsk.ru,Russia
opchr21.ru,Russia
open.online,Italy
openpr.de,Germany
operationsports.com,United States
opindia.com,India
opinion-internationale.com,France
opmeerleeft.nl,Netherlands
oprf.ru,Russia
orbe.cl,Chile
orbitaltoday.com,United Kingdom
order-order.com,United Kingdom
oreanda-news.com,Russia
oregoncapitalchronicle.com,United States
oregonlive.com,United States
organiser.org,India
orient-news.net,Turkey
orientxxi.info,France
originalnews.nico,Japan
origo.hu,Hungary
orissadiary.com,India
orthodoxianewsagency.gr,Greece
osen.co.kr,South Korea
oskarshamns-nytt.se,Sweden
osvnews.com,United States
otosia.com,Indonesia
ourscom.fr,France
out.com,United States
outlookindia.com,India
outremers360.com,France
outsports.com,United States
ovarnews.pt,Portugal
ovb-online.de,Germany
oxm.co.uk,United Kingdom
p-nintendo.com,France
pa.media,United Kingdom
padang.tribunnews.com,Indonesia
pagina24.com.mx,Mexico
pagina24zacatecas.com.mx,Mexico
paginademedia.ro,Romania
palestinechronicle.com,United States
palgn.com.au,Australia
panchjanya.com,India
panet.co.il,Israel
panora.tokyo,Japan
panorama.pub,Russia
pap.pl,Poland
parapolitika.gr,Greece
parismatch.com,France
passiontimes.hk,China
pbs.org,United States
pc.gamerweb.com,United States
pcgamer.com,United States
pcgames.de,Germany
pcinvasion.com,United Kingdom
penelopes.org,France
penge.dk,Denmark
peninsulardigital.com,Mexico
penncapital-star.com,United States
penza-post.ru,Russia
penzcentrum.hu,Hungary
periodicocorreo.com.mx,Mexico
periodicoeldespertar.com,Mexico
periodicoeltiempo.mx,Mexico
periodicolavoz.com.mx,Mexico
periodiconmx.com,Mexico
pestisracok.hu,Hungary
petir.sg,Singapore
petrosolgas.com.br,Brazil
peyamner.net,Iraq
pgnx.net,United States
pharma.customertimes.news,United States
phys.org,United Kingdom
pichilemunews.cl,Chile
piedepagina.mx,Mexico
pilotonline.com,United States
pinkbike.com,Canada
pintoe.co,Indonesia
piopio.dk,Denmark
piter.tatar,Russia
pivot.quebec,Canada
planetabj.com,Argentina
planetxbox360.com,United States
plantbasednews.org,United Kingdom
platform-investico.nl,Netherlands
play.tm,United Kingdom
player2.net.au,Australia
playstationlifestyle.net,United Kingdom
playtech.ro,Romania
plazajuarez.mx,Mexico
pleno.news,Brazil
pltv.fr,France
plywah.com,United States
pmg.ua,Ukraine
pna.gov.ph,Philippines
pnp.com.pk,Pakistan
poblanerias.com,Mexico
pocket-lint.com,United Kingdom
poetsandquants.com,United States
polinews.co.kr,South Korea
polit.ru,Russia
politicaobrera.com,Argentina
politico.com,United States
politics.co.uk,United Kingdom
politicshome.com,United Kingdom
politisk.no,Norway
politologi.dk,Denmark
polskieradio.pl,Poland
ponte.org,Brazil
pontevedraviva.com,Spain
popculturely.com,United States
poresto.net,Mexico
portal.acm.org,United States
portalnotaalta.site,Brazil
portfolio.hu,Hungary
postcard.news,India
postmedia.com,Canada
pov.international,Denmark
prachatai.com,Thailand
prachataienglish.com,Thailand
pravda.com.ua,Ukraine
pravda.ru,Russia
pravoslavie.ru,Russia
praza.gal,Spain
prensaobrera.com,Argentina
press-start.com.au,Australia
press.lvcva.com,United States
presseportal.zdf.de,Germany
pressiraq.net,Iraq
pressprogress.ca,Canada
presstv.ir,Iran
primamedia.ru,Russia
principal.cat,Spain
prmira.ru,Russia
proekt.media,Russia
progresohoy.com,Mexico
projectmultatuli.org,Indonesia
projectnewsoasis.com,United States
projetocolabora.com.br,Brazil
properm.ru,Russia
prosports.ru,Russia
prostoprosport.ru,Russia
protagon.gr,Greece
province.ru,Russia
psmonline.com,United States
psxbrasil.com.br,Brazil
psxextreme.com,United States
ptcnetwork.tv,India
ptcpunjabi.co.in,India
ptinews.com,India
publicnewshub.com,South Africa
publimetro.com.mx,Mexico
publishersmarketplace.com,United States
pukmedia.com,Iraq
pulse.ng,Nigeria
pulsoslp.com.mx,Mexico
pulzo.com,Colombia
punchbowl.news,United States
punjabi.abplive.com,India
punjabijagran.com,India
pursuit.unimelb.edu.au,Australia
qc125.com,Canada
qdaily.com,China
qha.com.tr,Ukraine
qha.com.ua,Ukraine
qn6sj3qc3h.search.serialssolutions.com,United States
qna.org.qa,Qatar
qrooultimasnoticias.com,Mexico
qualenergia.it,Italy
queen.gr,Greece
quepasamedia.com,United States
quintanaroohoy.com,Mexico
r9tv.com,India
rabble.ca,Canada
racyja.com,Poland
radikalportal.no,Norway
radiofrance.fr,France
radiosvoboda.org,Ukraine
ragequit.gr,Greece
rajanews.com,Iran
randaberg24.no,Norway
ranewsupdates.com,India
rappler.com,Philippines
rathaus.pfronten.de,Germany
razon.com.mx,Mexico
rbc.ua,Ukraine
readfrontier.org,United States
readingreligion.org,United States
readsludge.com,United States
readthemaple.com,Canada
realclearpolitics.com,United States
realgamer.net,United States
realidadesperiodico.com,Mexico
realitatea.net,Romania
realno.net,Ukraine
realnoevremya.ru,Russia
rebelnews.com,Canada
recorder.ro,Romania
reddit.com,United States
redgol.cl,Chile
reflets.info,France
reforma.com,Mexico
regnum.ru,Russia
relevo.com,Spain
religionnews.com,United States
remiremontvallees.com,France
renews.co.nz,New Zealand
reporteindigo.com,Mexico
reporterre.net,France
republic.ru,Russia
republica.com,Spain
republicbharat.com,India
republicpost.in,India
republicworld.com,India
resett.no,Norway
resmigazete.gov.tr,Turkey
restofworld.org,United States
rett24.no,Norway
reuters.com,United Kingdom
revista.fatecitaqua.edu.br,Brazil
revistageopolitica.com.br,Brazil
revistas.usp.br,Brazil
rewiredmind.com,United Kingdom
rewirenewsgroup.com,United States
rewizor.ru,Russia
rfa.org,United States
rfa62zl6z6owmtlf.onion,United States
rferl.org,Czech Republic
ria-m.tv,Ukraine
ria.ru,Russia
riafan.ru,Russia
riaupos.jawapos.com,Indonesia
ricemedia.co,Singapore
ricochet.media,Canada
rijnmond.nl,Netherlands
riks.se,Sweden
rinnovabili.it,Italy
riodoce.mx,Mexico
riotpixels.com,Russia
ripplesnigeria.com,Nigeria
ritzau.dk,Denmark
rjionline.org,United States
rllmukforum.com,United Kingdom
rmcsport.bfmtv.com,France
rmol.id,Indonesia
rmollampung.id,Indonesia
rnd.de,Germany
robadadonne.it,Italy
rockpapershotgun.com,United Kingdom
rokokoposten.dk,Denmark
romasajtokozpont.hu,Hungary
romereports.com,Italy
romfea.gr,Greece
roozonline.net,Iran
rosbalt.ru,Russia
rossaprimavera.ru,Russia
rossiyasegodnya.com,Russia
rostovgazeta.ru,Russia
rotativooaxaca.com.mx,Mexico
rotter.net,Israel
roundballdaily.com,United States
royalbulletin.in,India
rozana.fm,France
rp10.com.br,Brazil
rpgamer.com,United States
rsbnetwork.com,United States
rsport.ria.ru,Russia
rstv.nic.in,India
rtbf.be,Belgium
rtl.de,Germany
rtl.fr,France
ru.ign.com,Russia
rudimathematici.com,Italy
rue89strasbourg.com,France
rufo.ru,Russia
ruhr24.de,Germany
rumorscanner.com,Bangladesh
rumrebellion.club,Australia
rundblick-niedersachsen.de,Germany
ruptly.tv,Germany
rus.azathabar.com,Czech Republic
rus.news,Russia
ruscourier.ru,Russia
russ.ru,Russia
russia-insider.com,Russia
russian.china.org.cn,China
russkiymir.ru,Russia
ryutsuu.biz,Japan
sadhna.com,India
sahanjournal.com,United States
saharareporters.com,Nigeria
saharasamay.com,India
sakaryasondakika.com,Turkey
sakurafinancialnews.com,Japan
salamatnews.com,Iran
salish-current.org,United States
salto.bz,Italy
samaa.tv,Pakistan
samacharpatrika.in,India
sambadenglish.com,India
samnytt.se,Sweden
samoyiki.com,Norway
samtiden.nu,Sweden
sanangelolive.com,United States
sanantonioreport.org,United States
sandnesposten.no,Norway
sanews.gov.za,South Africa
sangritoday.com,India
sanjosespotlight.com,United States
sansadtv.nic.in,India
sarbc.ru,Russia
sbs.com.au,Australia
sbsun.com,United States
sbt.com.br,Brazil
scbiznews.com,United States
schlager.de,Germany
scielo.br,Brazil
science.thewire.in,India
sciencepresse.qc.ca,Canada
scmp.com,China
scobserver.in,India
scol.com.cn,China
screenrant.com,Canada
scroll.in,India
search.ebscohost.com,United States
search.epnet.com,United States
seattlepi.com,United States
seculodiario.com.br,Brazil
sedepublica.es,Spain
seevetal-aktuell.de,Germany
selo.pl.ua,Ukraine
semafor.com,United States
semanticscholar.org,United States
sentientmedia.org,United States
sentralnews.com,Indonesia
serbestiyet.com,Turkey
servimedia.es,Spain
settimananews.it,Italy
seurakuntalainen.fi,Finland
sevastopol.su,Ukraine
sexenio.com.mx,Mexico
seznamzpravy.cz,Czech Republic
sfgate.com,United States
shabestan.ir,Iran
shazoo.ru,Russia
sheershanews.com,Bangladesh
sheffieldtribune.co.uk,United Kingdom
shindonga.donga.com,South Korea
shobserver.com,China
sia.ru,Russia
siamrath.co.th,Thailand
siamsport.co.th,Thailand
sid.de,Germany
siggraph.org,United States
siliconcanals.com,Netherlands
siliconvalley.com,United States
simplepolitics.co.uk,United Kingdom
sina.com.cn,China
sinarperbatasan.com,Indonesia
sinembargo.mx,Mexico
sintesis.com.mx,Mexico
sipse.com,Mexico
sis.gov.eg,Egypt
sisain.co.kr,South Korea
sisajournal.com,South Korea
sites.google.com,Brazil
slate.fr,France
slidetoplay.com,United States
smi58.ru,Russia
smninewschannel.com,Philippines
sn.dk,Denmark
snn.ir,Iran
sntv.com,United Kingdom
socialistamorena.com.br,Brazil
socialthing.com,United States
sol915.com.ar,Argentina
solidot.org,China
somosfanaticos.fans,Brazil
sonara.net,Israel
sordionline.com,Italy
sorong.tribunnews.com,Indonesia
sourcenm.com,United States
spa.gov.sa,Saudi Arabia
space.com,United States
spanish.china.org.cn,China
spanishrevolution.net,Spain
spbvedomosti.ru,Russia
specialevents.com,United States
spice.eplus.jp,Japan
spiegel.de,Germany
sporten.dk,Denmark
sportnieuws.nl,Netherlands
sportsbizdaily.com,United States
sportsbusinessjournal.com,United States
sportsmole.co.uk,United Kingdom
sportzhub.com,New Zealand
sposten.no,Norway
sputnikglobe.com,Russia
spytalk.co,United States
spzeitung.ru,Russia
srsly.ru,Russia
srugim.co.il,Israel
stampaitaliana.online,Italy
stampmedia.be,Belgium
staravis.com,Norway
starnewskorea.com,South Korea
startlandnews.com,United States
stateline.org,United States
stayinspirednews.com,United States
steamdeckhq.com,United States
stedum.com,Netherlands
stelle-aktuell.de,Germany
stena.online,Russia
stern.de,Germany
stiriletransilvaniei.ro,Romania
stiripesurse.ro,Romania
stocklink.no,Norway
storifynews.com,India
storyblick.de,Germany
storynetwork.in,India
streetpress.com,France
stribuna.ru,Russia
strilen.no,Norway
stripes.com,United States
stt.fi,Finland
sub25.ro,Romania
subela.cl,Chile
subgame.pro,Russia
sudaca.pe,Peru
sudarshannews.in,India
suluah.com,Indonesia
summa.talentum.fi,Finland
suomenmaa.fi,Finland
super.ru,Russia
supermarketnews.com,United States
surenio.com.ar,Argentina
suspilne.media,Ukraine
suvarnanews.tv,India
svenska.yle.fi,Finland
svenskhistoria.se,Sweden
svpressa.ru,Russia
swadeshnews.in,India
swarajyamag.com,India
syndication.andrewsmcmeel.com,United States
syracuse.com,United States
sznews.com,China
t-a.no,Norway
t-j.ru,Russia
t-l.ru,Russia
t-online.de,Germany
t.me,Ukraine
t24.com.tr,Turkey
tabloid.pravda.com.ua,Ukraine
tabloidbintang.com,Indonesia
tabnak.ir,Iran
tacky.no,Norway
tag24.de,Germany
tagesschau.de,Germany
takiedela.ru,Russia
tameteo.com,France
tamil.abplive.com,India
tansajp.org,Japan
taskandpurpose.com,United States
tasnimnews.com,Iran
tasnimnews.ir,Iran
tass.ru,Russia
tatar-inform.ru,Russia
tatar-inform.tatar,Russia
tb.no,Norway
tbreak.com,United Kingdom
techaeris.com,United States
techcabal.co.uk,Nigeria
techradar.com,United Kingdom
techsciencetoday.com,Germany
techweb.com.cn,China
tehelka.com,India
tehrantimes.com,Iran
telam.com.ar,Argentina
telanganatribune.com,India
telegraf.com.ua,Ukraine
telegraf.ua,Ukraine
telex.hu,Hungary
telugu.abplive.com,India
tempo.com,Brazil
tempo.pt,Portugal
tenews.org.ua,Ukraine
tennesseelookout.com,United States
tennesseestar.com,United States
terasjakarta.id,Indonesia
terra.cl,Brazil
terra.com,Brazil
terra.com.br,Brazil
terra.com.co,Brazil
terra.com.mx,Brazil
terra.com.pe,Brazil
terra.us,Brazil
territorio.mx,Mexico
teznews.com,India
tf1info.fr,France
tfcaijing.com,China
tgbus.com,China
tgmax.it,Italy
tgrthaber.com,Turkey
tha.com.tr,Turkey
thaienquirer.com,Thailand
thanthitv.com,India
the-decoder.com,Germany
the-decoder.de,Germany
the-flow.ru,Russia
the-independent.com,United Kingdom
the-londoner.co.uk,United Kingdom
the-village.ru,Russia
the5krunner.com,United Kingdom
the74million.org,United States
theaestheticguide.com,United States
theafricanmirror.africa,South Africa
theage.com.au,Australia
theathletic.com,United States
theatlantic.com,United States
thebaltimorepost.com,United States
thebarbedwire.com,United States
thebarentsobserver.com,Norway
thebeaconnews.org,United States
theberkshireedge.com,United States
theblaze.com,United States
theblueprint.ru,Russia
thebody.com,United States
thecable.ng,Nigeria
thecanadianpress.com,Canada
thecanary.co,United Kingdom
thecollegefix.com,United States
thecover.cn,China
thecultsbay.com,India
thedesertreview.com,United States
thedesk.net,United States
thediplomat.com,United States
thedriven.io,Australia
theeastsiderla.com,United States
theedinburghreporter.co.uk,United Kingdom
thefederal.com,India
thefirsttv.com,United States
thefp.com,United States
thegamesmachine.it,Italy
thegatewaypundit.com,United States
theguadalajarareporter.net,Mexico
theguardian.com,United Kingdom
thehawaiiindependent.com,United States
thehub.ca,Canada
theincmagazine.com,United States
theind.com,United States
theinformation.com,United States
theins.ru,Russia
theintercept.com,United States
theinvestor.vn,Vietnam
thejimquisition.com,United States
theklaxon.com.au,Australia
thelaker.ca,Canada
theleaflet.in,India
thelincolnite.co.uk,United Kingdom
theloadout.com,United Kingdom
thelocal.fr,France
thelogicalindian.com,India
themacdonaldnotebook.ca,Canada
themakoreactor.com,India
themarkup.org,United States
themarshallproject.org,United States
themessenger.com,United States
themeta.news,France
themoneynews.ro,Romania
themorningnews.org,United States
themoscowtimes.com,Russia
thenationalpulse.com,United States
thenevadaindependent.com,United States
thenewbarcelonapost.com,Spain
thenewdaily.com.au,Australia
thenewlede.org,United States
thenews.coop,United Kingdom
thenewsminute.com,India
thenextweb.com,Netherlands
theobjective.com,Spain
theoslotimes.com,Norway
thephiladelphiacitizen.org,United States
thephrase.id,Indonesia
thepinknews.com,United Kingdom
thepostmillennial.com,Canada
thepresswalla.com,India
theprint.in,India
therecount.com,United States
thesamata.in,India
theshaderoom.com,United States
thesouthfirst.com,India
thestandard.co,Thailand
thestandnews.com,China
thestar.com.my,Malaysia
thestatesmanindia.com,India
thesuntribune.com,United States
thetexan.news,United States
thethaiger.com,Thailand
thethaotocdo.vn,Vietnam
thetimes.com,United Kingdom
thetoc.gr,Greece
thetriibe.com,United States
thetyee.ca,Canada
theusascoop.com,United States
thevach.com,Canada
thevancougar.com,United States
theverge.com,United States
theweather.com,United States
theweek.co.uk,United Kingdom
theweek.com,United Kingdom
theweeklynews.in,India
thewiire.com,United States
thewillnews.com,Nigeria
thewire.in,India
thinkbroadband.com,United Kingdom
thinkchina.sg,Singapore
thisisgame.com,South Korea
thisworld.online,Israel
thueringen24.de,Germany
tichyseinblick.de,Germany
tiempo.com,Spain
tiempo.com.mx,Mexico
tiempolibredigital.com.mx,Mexico
tierragamer.com,Mexico
tijuanapress.com,Mexico
time.com,United States
timeslive.co.za,South Africa
timesnownews.com,India
timesofisrael.com,Israel
timesofpakistan.com,Pakistan
tipandshaft.com,France
tipsbladet.dk,Denmark
title8.news,United States
tjekdet.dk,Denmark
tjournal.ru,Russia
tmtpost.com,China
tna.mcot.net,Thailand
tocsin.net,France
today.it,Italy
today.ng,Nigeria
todayonline.com,Singapore
togayther.es,Spain
tol.org,Czech Republic
tonic.vice.com,United States
torquenews.com,United States
totalgames.net,United Kingdom
totalplaystation.com,United States
totenidag.no,Norway
townhall.com,United States
tp24.it,Italy
transindex.ro,Romania
transsibinfo.com,Russia
transtelex.ro,Romania
trendaily.co,United States
tribalbusinessnews.com,United States
tribuna.com.mx,Mexico
tribunacampeche.com,Mexico
tribunadeloscabos.com.mx,Mexico
tribunafeirense.com.br,Brazil
tribuncirebon.com,Indonesia
tribunnews.com,Indonesia
tribunnewswiki.com,Indonesia
trondheim24.no,Norway
trtespanol.com,Turkey
true-gaming.net,Saudi Arabia
tsrus.cn,Russia
tt.se,Sweden
turkiyegazetesi.com.tr,Turkey
tusciaweb.it,Italy
tv.cctv.com,China
tv2000.co.il,Israel
tv2fyn.dk,Denmark
tv2kosmopol.dk,Denmark
tv2ostjylland.dk,Denmark
tvanouvelles.ca,Canada
tvmidtvest.dk,Denmark
tvn24.pl,Poland
tvnwarszawa.pl,Poland
tvonenews.tv,Indonesia
tvsyd.dk,Denmark
twentyfournews.com,India
tysol.pl,Poland
ua.censor.net.ua,Ukraine
ua.korrespondent.net,Ukraine
uaportal.com,Ukraine
ucanews.com,China
ugenserhverv.dk,Denmark
ukraina.ru,Russia
ukrainepravo.com,Ukraine
ukrinform.ua,Ukraine
umanity.jp,Japan
una-oic.org,Saudi Arabia
unbnews.org,Bangladesh
unherd.com,United Kingdom
unian.ua,Ukraine
unicornriot.ninja,United States
universetoday.com,Canada
unn.ua,Ukraine
unseen-japan.com,Japan
uol.com.br,Brazil
upi.com,United States
urnanews.ir,Iran
usareally.com,Russia
usccb.org,United States
usp.br,Brazil
uticaod.com,United States
utusantv.com,Malaysia
uusijuttu.fi,Finland
vanguardia.com.mx,Mexico
varesenews.it,Italy
varginhadigital.com.br,Brazil
vartoslo.no,Norway
vc.ru,Russia
ve3d.ign.com,United States
veintitres.com.ar,Argentina
veja.abril.com.br,Brazil
verdinytt.no,Norway
veridica.ro,Romania
verrit.com,United States
version2.dk,Denmark
verstka.media,Russia
vert.eco,France
veryansintv.com,Turkey
vg.no,Norway
vg247.com,United Kingdom
vgoroden.ru,Russia
vgtime.com,China
vice.com,United States
videochums.com,Canada
videogameschronicle.com,United Kingdom
vieiros.com,Spain
vietbao.vn,Vietnam
vietcetera.com,Vietnam
vietnaminsider.vn,Vietnam
vigoalminuto.com,Spain
vikna.tv,Ukraine
viladeroses.cat,Spain
vilaweb.cat,Spain
village.com.ua,Ukraine
villagegreennj.com,United States
virginiamercury.com,United States
viva.co.id,Indonesia
vl.ru,Russia
vnanet.vn,Vietnam
vnexpress.net,Vietnam
voaafrique.com,United States
voakorea.com,South Korea
voanews.com,United States
voiceofeurope.com,Czech Republic
vol.no,Norway
volkskrant.nl,Netherlands
voodooextreme.com,United States
vooks.net,Australia
vop.co.kr,South Korea
voragine.co,Colombia
vostokmedia.com,Russia
vot-tak.tv,Poland
vox.com,United States
vozbcn.com,Spain
vozdabahia.com.br,Brazil
vozdemichoacan.com.mx,Mexico
vremyan.ru,Russia
vrtnws.be,Belgium
vs.hu,Hungary
vtc.vn,Vietnam
vtdigger.org,United States
vtimes.io,Russia
vtv.vn,Vietnam
vz.ru,Russia
wa.de,Germany
waateanews.com,New Zealand
waldnet.nl,Netherlands
wall-street.ro,Romania
wallstreetitalia.com,United States
war.telegraf.com.ua,Ukraine
wartakota.tribunnews.com,Indonesia
washingtonstatestandard.com,United States
watch.impress.co.jp,Japan
watchgeneration.fr,France
watson.de,Germany
wayka.pe,Peru
wbur.org,United States
weasnews.cl,Chile
web.archive.org,Indonesia
webnewsobserver.com,India
webtekno.com,Turkey
weekly.chosun.com,South Korea
weekly.donga.com,South Korea
weeklyworldnews.com,United States
wegotthiscovered.com,Canada
well-played.com.au,Australia
wellnews.ru,Russia
westernjournal.com,United States
westportjournal.com,United States
wham.canoe.ca,Canada
whatsupkansascity.net,United States
wiadomosci.tvp.pl,Poland
wii-brasil.com,Brazil
wijchensnieuws.nl,Netherlands
wijzijndestad.com,Netherlands
wikitribune.com,United Kingdom
wionews.com,India
wired.com,United States
wisconsinexaminer.com,United States
wiwo.de,Germany
wn.com,United States
wna-news.com,Iraq
wnd.com,United States
womensagenda.com.au,Australia
womensenews.org,United States
wonderwallweb.com,United States
worldsoccertalk.com,United States
worldstarhiphop.com,United States
wrcbtv.com,United States
www12.senado.leg.br,Brazil
www3.nhk.or.jp,Japan
wyomingtruth.org,United States
xb1.co.uk,United Kingdom
xboxevolved.e-mpire.com,United States
xboxexclusive.com,United States
xboxsolution.com,United States
xboxworld.com.au,Australia
xdkb.net,China
xe360.com,United States
xinhuanet.com,China
xlunargaming.com,United Kingdom
xmtv.cn,China
xn--b1akda1aagn5c3eg.xn--p1ai,Russia
xornal.com,Spain
xtech.nikkei.com,Japan
yakutiamedia.ru,Russia
yallpolitics.com,United States
yeksani.org,Iraq
yelah.net,Sweden
yenialanya.com,Turkey
yenisokegazetesi.com,Turkey
yerkramas.org,Russia
yjc.ir,Iran
yle.fi,Finland
yna.co.kr,South Korea
yomiuri.co.jp,Japan
yourweather.co.uk,United Kingdom
ysia.ru,Russia
yug.odessa.ua,Ukraine
yurinavi.com,Japan
yystv.cn,China
zantimes.com,Canada
zdfheute.de,Germany
zeit.de,Germany
zeitenspiegel.de,Germany
zenit.org,United States
zetatijuana.com,Mexico
zeteo.com,United States
zetland.dk,Denmark
zhengguannews.cn,China
zhizn.ru,Russia
zhn.com.mx,Mexico
zik.ua,Ukraine
zjol.com.cn,China
zman.co.il,Israel
zmina.info,Ukraine
znak.com,Russia
zocalo.com.mx,Mexico
zona.media,Russia
zougla.gr,Greece
ztanews.ir,Iran
zumapress.com,United States
zunoticia.com,Mexico
бутик64.рф,Russia
